Cmp,T,A
Cmp,A,T
Cmp,C,G
Cmp,G,C
D2R,T,U
Cod,UUU,Phe
Cod,UUC,Phe
Cod,UUA,Leu
Cod,UUG,Leu
Cod,UCU,Ser
Cod,UCC,Ser
Cod,UCA,Ser
Cod,UCG,Ser
Cod,UAU,Tyr
Cod,UAC,Tyr
Cod,UAA,Stop
Cod,UAG,Stop
Cod,UGU,Cys
Cod,UGC,Cys
Cod,UGA,Stop
Cod,UGG,Trp
Cod,CUU,Leu
Cod,CUC,Leu
Cod,CUA,Leu
Cod,CUG,Leu
Cod,CCU,Pro
Cod,CCC,Pro
Cod,CCA,Pro
Cod,CCG,Pro
Cod,CAU,His
Cod,CAC,His
Cod,CAA,Gln
Cod,CAG,Gln
Cod,CGU,Arg
Cod,CGC,Arg
Cod,CGA,Arg
Cod,CGG,Arg
Cod,AUU,Ile
Cod,AUC,Ile
Cod,AUA,Ile
Cod,AUG,Met
Cod,ACU,Thr
Cod,ACC,Thr
Cod,ACA,Thr
Cod,ACG,Thr
Cod,AAU,Asn
Cod,AAC,Asn
Cod,AAA,Lys
Cod,AAG,Lys
Cod,AGU,Ser
Cod,AGC,Ser
Cod,AGA,Arg
Cod,AGG,Arg
Cod,GUU,Val
Cod,GUC,Val
Cod,GUA,Val
Cod,GUG,Val
Cod,GCU,Ala
Cod,GCC,Ala
Cod,GCA,Ala
Cod,GCG,Ala
Cod,GAU,Asp
Cod,GAC,Asp
Cod,GAA,Glu
Cod,GAG,Glu
Cod,GGU,Gly
Cod,GGC,Gly
Cod,GGA,Gly
Cod,GGG,Gly
